Name,Address,Hours (comma seperated),by appt. y/n,Website,Facebook page,Email
33 Contemporary Gallery/ Zhou B Art Center,"1029 W 35th St, Chicago, IL 60609",Mon-Fri 10AM-5PM,n,www.33contemporary.com,https://www.facebook.com/artnxtlevelprojects/,
4th Ward Project Space,"5338 S Kimbark Ave, Chicago, IL 60615",Sat 1PM-5PM,y,http://www.4wps.org/,,info@4wps.org
6018 North,"6018 N Kenmore Ave, Chicago, IL 60660",Sat & Sun 12PM-5PM,n,http://www.6018north.org/,,6018north@gmail.com
65Grand,"1369 W Grand Ave, Chicago, IL ",Fri & Sat 12PM- 5:30PM,n,http://www.65grand.com/,,info@65grand.com
ACRE Projects,"1345 W 19th St, Chicago, IL 60608",Sun 12PM-4PM,n,http://www.acreresidency.org/acre-projects/,,info@acreresidency.org
Addington Gallery,"704 N Wells Chicago, IL 60654",Tue-Sat 11AM-6PM,n,addingtongallery.com,https://www.facebook.com/AddingtonGallery/,dan@addingtongallery.com
Adds Donna,,,,http://addsdonna.com/exhibitions/,,contact@addsdonna.com
AdventureLand Gallery,"1513 N Western Ave, Chicago IL 60622",Tues-Sat 11AM-5PM,n,http://www.adventurelandgallery.com/,,adventurelandgallery@gmail.com
Alan Koppel Gallery,"806 N Dearborn St, Chicago, IL 60610",Mon-Fri 10AM-5:30PM,n,alankoppel.com,https://www.facebook.com/alankoppelgallery/,alankoppel@alankoppel.com
Alibi Fine Art,"4426 N Ravenswood Ave, Chicago, IL 60640",appt only,y,www.alibifineart.com,https://www.facebook.com/Alibi.fine.art,info@alibifineart.com
Andrew Bae Gallery,"300 W Superior St, Chicago Il 60654",Tues-Sat 10AM-6PM,n,www.andrewbaegallery.com,https://www.facebook.com/andrewbaegallery/,info@andrewbaegallery.com
Andrew Rafacz Gallery,"835 W Washington Blvd, Chicago, IL 60607","Tue-Fri 11AM-6PM, Sat 11AM-5PM",n,www.andrewrafacz.com,https://www.facebook.com/andrewrafaczgallery/,mail@andrewrafacz.com
Ann Nathan Gallery,"212 W Superior St, Chicago, IL 60654","Tue-Fri 10AM-5:30PM, Sat 11AM-5PM",n,http://www.annnathangallery.com/,https://www.facebook.com/Ann-Nathan-Gallery-108748352582544/,nathangall@aol.com
Antena,"1765 S Laflin St, Chicago IL 60608",appt. only,y,http://antenapilsen.blogspot.com/,https://www.facebook.com/antenapilsen/,antenapilsen@gmail.com
Arc Gallery,"2156 N Damen Ave, Chicago, IL ","Wed-Sat 12PM-6PM, Sun 12PM-4PM",n,www.arcgallery.org,https://www.facebook.com/ARCGalleryChicago,info@arcgallery.org
Art Institute Chicago,"111 S Michigan Ave, Chicago, IL 60605","Sun-Sat 10:30AM-5PM, Thur 10:30AM-8PM",n,www.artic.edu,https://www.facebook.com/artic/,
Arts and Public Life - Arts Incubator,"301 E Garfield Blvd, Chicago, IL 60637","Tues-Fri 12PM-6PM , Thurs 12PM-7PM",n,https://arts.uchicago.edu/artsandpubliclife,https://www.facebook.com/UChicagoArts,roniamh@uchicago.edu
Arts Club,"201 E Ontario St, Chicago, IL 60611","Tue-Fri 11AM-6PM, Sat 11AM-3PM",n,www.artsclubchicago.com,https://www.facebook.com/ArtsClubChicago,information@artsclubchicago.com
Aspect Ratio,"119 N Peoria St, Unit 3D, Chicago, IL 60607",Thur-Sat 12PM-5PM,y&n,http://www.aspectratioprojects.com/home,https://www.facebook.com/aspectratioprojects,info@aspectratioprojects.com
Ballroom Projects,"3012 S Archer Ave, Chicago, IL 60608",,,http://ballroomprojects.tumblr.com/,,thearcherballroom@gmail.com
Barbara & Barbara,"2925 W Diversey Ave, Chicago, IL 60647","Sun 10AM-6PM, Mon 3PM-9PM, Tues-Sat 9AM-9PM",n,http://barbaraandbarbara.com/,www.facebook.com/BarbaraandBarbaraSalon,Appointments@BarbaraandBarbara.com
Beautiful,"1801 S Peoria St Chicago, IL US",appt. only,y,http://beautifulgallery.us/,,beautiful.gallery.us@gmail.com
Beverly Arts Center,"2407 W 111th St, Chicago, IL 60655","Mon-Fri 9AM-9PM, Sat 9AM-5PM, Sun 1PM-4Pm",n,www.beverlyartcenter.org,https://www.facebook.com/Beverly-Arts-Center-136987280893/?ref=ts,bac@beverlyartcenter.org
Born Nude,"1711 S Halsted St, #2, Chicago, IL 60608-2329",appt. only,y,http://bornnu.de/,https://www.facebook.com/pages/Born-Nude/369477823206250,info@bornnu.de
Boy Friends,"3039 W Carroll St, Chicago, IL 60612",Sun 1PM-4PM,n,http://boyfriendschicago.com/,,boyfriendschicago@gmail.com
Bridgeport Art Center,"1200 W 35th St, Chicago, IL 60609",Mon-Sun 8AM-6PM,n,www.bridgeportart.com,https://www.facebook.com/bridgeporart,info@bridgeportart.com
CALLES Y SUEÃ‘OS-CHICAGO,,,,,https://www.facebook.com/Calles-y-Sue%C3%B1os-Chicago-187333291316188/,Try contacting through Facebook
Carl Hammer Gallery,"740 N Wells St, Chicago, IL 60654","Tue-Fri 11AM-6PM, Sat 11AM-5PM",n,www.carlhammergallery.com,https://www.facebook.com/pages/Hammer-Carl-Gallery/152524148117083,info@carlhammergallery.com
Carrie Secrist Gallery,"835 W Washington Blvd, Chicago, IL 60607","Tue-Fri 10:30AM-6PM, Sat 11AM-5PM",n,secristgallery.com,https://www.facebook.com/Carrie-Secrist-Gallery-109671369142593/,info@secristgallery.com
Chicago Art Department,"1932 South Halsted #100, Chicago, IL 60608",,,http://www.chicagoartdepartment.org/,https://www.facebook.com/chicagoartdept,mike@chicagoartdepartment.org
Chicago Art Source,"1871 N Clybourn, Chicago, IL 60614","Mon-Fri 10AM-6PM, Sat 10AM-5PM",n,www.chicagoartsource.com,https://www.facebook.com/chicagoartsource/,art@chicagoartsource.com
Chicago Artists Coalition,"217 N Carpenter, Chicago, IL 60607","Mon-Fri 9AM-5PM, Sat 12PM-6PM",n,www.chicagoartistscoalition.org,https://www.facebook.com/chicagoartistscoalition,csc@chicagoartistscoalition.org
Chicago Arts District,"1945 S Halsted, Chicago, IL 60608",,,www.chicagoartsdistrict.org,,info@chicagoartsdistrict.org
Chicago Center for the Print,"1509 W Fullerton Ave, Chicago, IL 60614","Tue-Sat 11:30AM-5:30PM, Sun 12PM-5PM",y&n,www.prints-posters.com,https://www.facebook.com/Chicago-Center-for-The-Print-45974569314/,rkasvin@prints-posters.com
Chicago Printmakers Collaborative,"4912 N Western Ave, Chicago, Il 60625",Fri-Sat 12PM-5PM,y,www.chicagoprintmakers.com,https://www.facebook.com/ChicagoPrintmakers/,info@chicagoprintmakers.com
Chicago Urban Art Retreat Center,"1957 S Spaulding Ave, Chicago, IL 60623",Sat 11AM-4PM,n,www.urbanartretreat.com,https://www.facebook.com/urbanartretreat/,info@urbanartretreat.com
Co-Prosperity Sphere,"3219 S Morgan St, Chicago, IL 60608",appt. only,y,http://www.coprosperity.org/,,Loganbaybay@gmail.com
Cobalt Studios,"1950 W 21 St, Chicago, IL 60608",,,http://cobaltartstudio.blogspot.com/,,cobaltartstudio@gmail.com
Comfort Station,"2579 N Milwaukee Ave. Chicago, IL 60647",,,http://www.comfortstationlogansquare.org/,https://www.facebook.com/comfortstationlogansquare/,info@comfortstationlogansquare.org
Corbett vs. Dempsey,"1120 N Ashland Ave, Fl 3, Chicago, IL 60622",Tue-Sat 10AM-5PM,y&n,www.corbettvsdempsey.com,https://www.facebook.com/Corbett-vs-Dempsey-20225702357/,info@corbettvsdempsey.com
Corner,"2912 N  Milwaukee Ave, Chicago, IL 60618 ",appt. only,y,http://www.cornerchicago.com/,https://www.facebook.com/CornerChicago/,info@cornerchicago.com
Courtney Blades,"1635 W Grand Ave. Chicago, IL 60622",,,http://courtneyblades.com/,,info@courtneyblades.com
Cultivate Urban Rainforest Gallery,"704 Main St, Evanston, IL 60202","Tue-Sat 10AM-8PM, Sun 11AM-6PM",n,www.cultivateurbanrainforest.com,https://www.facebook.com/CultivateShop,connect@cultivateurbanrainforest.com
Cultura In Pilsen,"1900 S Carpenter St, Chicago, IL 60608",,,culturainpilsen.com,https://www.facebook.com/CulturaInPilsen,hola@culturainpilsen.com
D Gallery,"623 S. Wabash Ave, Chicago, IL 60605 office 717 D ",,,,,pvonzweck@yahoo.com 
Depaul Art Museum,"935 W Fullerton Ave, Chicago, IL 60614","Wed-Thur 11AM-7PM, Fri 11AM-5PM, Sat-Sun 12PM-5PM",n,http://museums.depaul.edu/,https://www.facebook.com/DePaulArtMuseum/,
Devening Projects + Ed,"3039 West Carroll St, Chicago, IL 60612",,,http://deveningprojects.com/exhibitions/current/,https://www.facebook.com/devening-projects-editions-60140494349/,dan@deveningprojects.com
DFBRL8R,"1463 W Chicago Ave, Chicago, IL 60642",,,http://dfbrl8r.org/,https://www.facebook.com/defibrillatorgallery/,Defibrillatorgallery@dfbrl8r.org
Dorchester Projects,"6760 S Stony Island Ave, Chicago IL 60649",Tues-Sat 12PM-7PM,n,https://rebuild-foundation.org/chicago/,,info@rebuild-foundation.org 
DreamBox Gallery,"2415 W North Ave, Chicago, IL 60647",appt only,y,2014.dreamboxgallery.com,https://www.facebook.com/dreamboxgallery/,dreamboxgallery@gmail.com
DuSable Museum,"740 E 56 Place, Chicago, IL 60637","Tue-Sat 10AM-5PM, Sun 12PM-5PM",n,www.dusablemuseum.org,https://www.facebook.com/DuSableMuseum,
Echt Gallery,"222 W Superior St, Chicago, IL 60654",Tue-Sat 11AM-5PM,y,www.echtgallery.com,https://www.facebook.com/ECHT-Gallery-151466714946740/,info@echtgallery.com
Ed Paschke Art Center,"5415 W Higgins Ave, Chicago, IL 60630",Mon-Sun 10AM-7PM,n,www.edpaschkeartcenter.org,https://www.facebook.com/edpaschkeartcenter,info@edpaschkeartcenter.org
Evanston Art Center,"1717 Central Street, Evanston, IL 60201","Mon-Thu 9AM-9PM, Fri 9AM-5PM, Sat-Sun 9AM-4PM",n,www.evanstonartcenter.org,https://www.facebook.com/EvanstonArtCenter,
Experemental Station,"6100 S. Blackstone Ave, Chicago, IL 60637",,,http://experimentalstation.org/,,info@experimentalstation.org
Experimental Sound Studio,"5925 N Ravenswood Ave, Chicago, IL 60660",,,http://www.experimentalsoundstudio.org/,https://www.facebook.com/pages/Experimental-Sound-Studio/47610643846,email through site
Fernway Gallery,"916 N Damen Ave, Chicago, IL, 60622",Sat & Sun 11AM-4PM,y,http://www.fernwey.com/,https://www.facebook.com/fernwey,fernweygallery@gmail.com
Film Front,"1740 W 18th St, 60608 Chicago",,,http://filmfront.org/,https://www.facebook.com/filmfrontcineclub,info@filmfront.org
Filter Photo,"1821 W Hubbard St, Ste 207, Chicago, IL 60622",Mon-Sat 10AM-5PM,n,www.filterfestival.com,https://www.facebook.com/Filterfestival/,info@filterfestival.com
Fire Arts Center ,"1800 W Cornelia Ave, Chicago, IL 60657",,,,,info@firearts.org
Firecat Projects,"2124 N Damen Ave, Chicago, IL 60647",Mon-Sat 10AM-4PM,y&n,www.firecatprojects.com,https://www.facebook.com/Firecat-Projects-119727521432949/,"
vitodklein@aol.com"
Galerie F,"2381 N Milwaukee Ave, Chicago, IL 60647",Tue-Sun 11AM-6PM,n,www.galerief.com,https://www.facebook.com/galerief,hello@galerief.com
Gallery 400,"400 S Peoria St, Chicago, IL 60607","Tue-Fri 10AM-6PM, Sat 12PM-6PM",n,gallery400.uic.edu,https://www.facebook.com/gallery400,uicgallery400@gmail.com
Gallery19,"4839 N Damen Ave, Chicago, IL 60625",Wed-Sun 11AM-5PM,n,gallery19chicago.com,https://www.facebook.com/gallery19chicago/,dklevorn@gallery19chicago.com
Glass Curtain Gallery,"1104 S Wabash Ave, first floor, Chicago, IL 60605","Mon-Fri 9AM-5PM, Thur 9AM-7PM, Sat 12PM-5PM",n,http://students.colum.edu/deps/glass-curtain-gallery/,https://www.facebook.com/pages/Glass-Curtain-Gallery/196993550435890,mporter@colum.edu
Hairpin Arts Center,"2810 North Milwaukee Avenue, 2nd Floor Chicago, IL 60618-7981",,,http://hairpinartscenter.org/,https://www.facebook.com/HairpinArtsCenter,Info@hairpinartscenter.org
Havana Gallery,"1139 W Webster Ave, Chicago, IL 60614",Thur-Sun 12PM-5PM,n,www.havanagallery.com,https://es-la.facebook.com/Havana-Gallery-25133231915/,havanagallerychicago@gmail.com
Heaven Gallery,"1550 North Milwaukee 2nd Floor Chicago, IL 60622","Fri 2PM-6PM, Sat 1PM-6PM",n,http://www.heavengallery.com/,,info@heavengallery.com
Hidden Dog,"2151 W. 21st St, Chicago, IL 60608","Mon-Tues 12PM-6PM, Fri 6PM-8PM, Sat 12PM-6PM, Sun 3PM-5PM",n,http://www.hiddendog.net/,https://www.facebook.com/HiddenDogChicago,contact@hiddendog.net
Hoofprint Workshop,"2433 S Oakley Ave, Chicago, IL 60608",,y,http://hoofprintworkshop.com/,https://www.facebook.com/Hoofprint-Workshop-509699645742821/,hoofprintworkshop@gmail.com
Hume,"3242 W Armitage Ave, Chicago, IL60647",,y,http://humechicago.org/,,hume.gallery@gmail.com
Hyde Park Art Center,"5020 S Cornell Ave, Chicago, IL 60615","Mon-Fri 9AM-8PM, Fri-Sat 9AM-5PM, Sun 12PM-5PM",n,www.hydeparkart.org,https://www.facebook.com/HydeParkArtCenter,generalinfo@hydeparkart.org
Iceburg,"7714 N Sheridan Rd, Chicago, IL 60626",Sat & Sun 10AM-4PM,y,http://icebergchicago.com/,https://www.facebook.com/icebergprojects,info@icebergchicago.com
iD Chicago,"375 W Erie St, Suite 101, Chicago, IL 60654",Tue-Sat 10AM-6PM,y,www.idchicago.com,,
Intuit: The Center for Intuitive and Outsider Art,"756 N Milwaukee Ave, Chicago, IL 60642","Tue-Sat 11AM-6PM, Thu 11AM-7:30PM, Sun 12PM-5PM",n,www.art.org,https://www.facebook.com/intuitartcenter/,intuit@art.org
IPaintMyMind,"2545 W Diversey Ave, Ste 255, Chicago, IL 60647",,n,www.ipaintmymind.org,https://www.facebook.com/IPaintMyMind.org,ideas@ipaintmyind.org
Jeffrey Breslow Gallery,"1015 W Fulton Market, Chicago, IL 60607",appt only,y,www.jeffreybreslow.com,https://www.facebook.com/jeffreybreslowgallery,megan@jeffreybreslowgallery.com
Johalla Projects,"1821 W Hubbard St, Suite 209, Chicago, Illinois 60622",,y,http://www.johallaprojects.com/,https://www.facebook.com/JohallaProjects,info@johallaprojects.com
Julius Caesar,"3311 W Carroll Ave, Chicago, IL 60624",Sun 1Pm-4PM,y,http://www.juliuscaesarchicago.net/,,juliuscaesar@gmail.com
Kavi Gupta,"835 W Washington St, Chicago, IL 60607 ","Mon-Fri 10AM-6PM, Sat 11AM-5PM",n,www.kavigupta.com,https://www.facebook.com/Kavi-Gupta-Gallery-300731253186/,info@kavigupta.com
Kitchen Space,"2716 N Monticello St, Chicago, IL 60647",,,http://kitchen-space.tumblr.com/,https://www.facebook.com/kitchenspace2716/,Contact via FB
KM Fine Arts,"43 E Oak St, Ste B, Chicago, IL 60611",Tue-Sat 11AM-6PM,n,www.kmfinearts.com,https://www.facebook.com/kmfinearts/,kmchicago@kmfinearts.com
Lacuna Artist Lofts,"2150 S Canalport Ave, Chicago, IL 60608",Tue-Sat 9AM-8PM,n,lacuna2150.com,https://www.facebook.com/LacunaArtistLoftStudios,lacunalofts@gmail.com
LALUZ Gallery,"1545 W 18th St, Chicago, IL 60608",Sat-Sun 12PM-5PM,y,laluzgallery.net,https://www.facebook.com/1545LALUZGallery,atteart@yahoo.com
Las Manos Gallery,"1515 W Foster Ave, Chicago, IL 60640",Wed-Sun 12PM-5PM,n,www.lasmanosgallery.com,https://www.facebook.com/LasManosGallery/,mail@lasmanosgallery.com
Latitude,"1821 West Hubbard Street, Suite 207, Chicago, IL 60622","Mon-Sun 10AM-6PM, Tues-Thur 6PM-9PM",n,http://www.latitudechicago.org/,https://www.facebook.com/latitudechicago?ref=hl,info@latitudechicago.org
LearningMachine,"3145 S Morgan St, Chicago, IL 60608",,,facebook,https://www.facebook.com/The-Learning-Machine-1435521286672700/,Contact via FB
Linda Warren Projects,"327 N Aberdeen St, Ste 151, Chicago, IL 60607",Tue-Sat 11AM-5PM,n,www.lindawarrenprojects.com,https://www.facebook.com/Linda-Warren-Projects-128040843897075/,linda@lindawarrenprojects.com
Line Dot Editions,"1023 N Western Ave, Chicago, IL 60622","Wed-Sat 11AM-6PM, Sun 11Am-5PM",,www.linedoteditions.com,,hello@linedoteditions.com
Links Hall,"3111 N. Western Ave Chicago, IL 60618",Mon-Fri 9AM-6PM,n,http://linkshall.org/,https://www.facebook.com/linkshall/,info@LinksHall.org
Logan Center Gallery,"915 E 60th St, Chicago, IL 60637","Tue-Sat 9AM-8PM, Sun 11AM-8PM",n,arts.uchicago.edu/logan/gallery,https://www.facebook.com/UChicagoArts,
Louder House,Contact for Directions,,,http://www.louderhouse.net,https://www.facebook.com/louderhouse,louderhouse@gmail.com
Loyola University Museum of Art,"820 N Michigan Ave, Chicago, IL 60660","Tue 11AM-8PM, Wed-Sat 11AM-6PM",n,www.luc.edu/luma,https://www.facebook.com/LUMAChicago/,luma@luc.edu
LVL3,"1542 N Milwaukee Ave, 3rd Fl, Chicago, IL 60622",Sun 1PM-4PM,y,http://lvl3media.com/gallery-info/,https://www.facebook.com/lvl3gallery,info@lvl3gallery.com
Mana Contemporary,"2233 S Throop St, Chicago, IL 60608","Mon-Fri 11AM-5PM, Sat 12PM-4PM",n,www.manacontemporarychicago.com,https://www.facebook.com/ManaContemporaryChicago/,cruffino@manacontemporary.com
Mars Gallery,"1139 W Fulton Market, Chicago, IL 60607","Wed-Fri 12PM-6PM, Thu 12PM-7PM, Sat 11AM-5PM",n,www.marsgallery.com,https://www.facebook.com/Mars-Gallery-109047792472490/,info@marsgallery.com
Mary and Leigh Block Museum of Art,"40 Arts Circle Dr, Evanston, IL 60208","Tue, Sat-Sun 10AM-5PM, Wed-Fri 10AM-8PM",n,www.blockmuseum.northwestern.edu,https://www.facebook.com/nublockmuseum/,
McCormick Gallery,"835 W Washington Blvd, Chicago, IL 60607","Tue-Fri 10AM-5PM, Sat 11AM-5PM",n,www.thomasmccormick.com,https://www.facebook.com/mccormickgallery/timeline,gallery@thomasmccormick.com
Morgan International Art Gallery,"5350 N Milwaukee Ave, Chicago, IL 60630",,,,,info@morganartgallery.com
Museum of Contemporary Art,"220 E Chicago Ave, Chicago, IL 60611","Tue 10Am-8PM, Wed-Sun 10Am-5PM",n,http://mcachicago.org,https://www.facebook.com/mcachicago/,mca-e-news@mcachicago.org
Museum of Contemporary Photography,"600 S Michigan Ave, Chicago, IL 60605","Mon-Sat 10AM-5PM, Thur 10AM-8PM, Sun 12PM-5PM",n,http://www.mocp.org/index.php,https://www.facebook.com/MuseumOfContemporaryPhotography/,
National Museum of Mexican Art,"1852 W 19th St, Chicago, IL 60608",Tue-Sat 10AM-5PM,n,http://www.nationalmuseumofmexicanart.org/,https://www.facebook.com/NationalMuseumofMexicanArt/,"
info@nationalmuseumofmexicanart.org"
National Veterans Art Museum,"4041 N Milwaukee Ave, Chicago, IL 60641",Tue-Sat 10AM-5PM,n,www.nvam.org,https://www.facebook.com/NationalVeteransArtMuseum/,info@nvam.org
New Capitol,"3114 W Carroll Ave, Chicago, IL 60612",,,http://newcapitalprojects.com/,,info@newcapitalprojects.com
No Coast,,,,http://no-coast.org/,,editions@no-coast.org
Nych,"643 W 18th St, Chicago, Il 60616",Mon-Sat 12PM-7PM,n,www.nychgallery.com,https://www.facebook.com/nychgallery/,info@nychgallery.com
Ordinary Projects,"2233 S. Throop, 5th Flr, Chicago, IL 60608",Sun 1PM-4PM,n,http://www.ordinaryprojects.org/,https://www.facebook.com/IndustryoftheOrdinary,info@ordinaryprojects.org
Paris London Hong Kong,"835 W Washington Blvd, Fl 2, Chicago, IL 60607",Wed-Sat 11AM-6PM,n,www.parislondonhongkong.com,https://www.facebook.com/ParisLondonHongKong/,info@parislondonhongkong.com
Peregrineprogram,,,,http://www.peregrineprogram.com/,,info@peregrineprogram.com
Perspective Gallery,"1310-1/2B Chicago Ave, Evanston, IL 60201","Thu-Sat 12PM-6PM, Sun 12PM-5PM",n,www.perspectivegallery.org,https://www.facebook.com/PerspectiveGallery/,perspectivephotogallery@gmail.com
Pilsen Outpost,"1958 W 21st St, Chicago, IL 60608","Wed-Fri 10AM-8PM, Sat 10AM-7PM, Sun 10AM-5PM",n,http://www.pilsenoutpost.com/,https://www.facebook.com/pilsenoutpost,info@pilsenoutpost.com
Platt Fine Art,"625 W Oakdale Ave, Chicago, IL 60657",,,www.plattfineart.com,https://www.facebook.com/PlattFineArt/,info@plattfineart.com
Poetry Foundation,"61 W Superior St, Chicago, IL 60654",Mon-Fri 11AM-4PM,n,www.poetryfoundation.org,https://www.facebook.com/poetryfoundation/,
Printworks Gallery,"311 W Superior St, Ste 105, Chicago, IL 60654",Tue-Sat 11AM-5PM,n,www.printworkschicago.com,https://www.facebook.com/printworksgallery/,info@printworkschicago.com
Rangefinder Gallery,"300 W Superior St, Fl 2, Chicago, IL 60654","Mon-Fri 9AM-5:30PM, Sat 10AM-2PM",n,www.tamarkin.com/leicagallery,,focus@rangefindergallery.com
Reguards,"2216 W Chicago Ave, Chicago, Illinois 60622",Thur-Sat 12PM-6PM,n,http://regardsgallery.com/,https://www.facebook.com/regardsgallery/,hello@regardsgallery.com
Renaissance Society,"5811 S Ellis Ave, Cobb Hall, 4th Floor, Chicago, IL 60637","Tue-Fri 10AM-5PM, Sat & Sun 12PM-5PM",n,http://www.renaissancesociety.org/,https://www.facebook.com/therenaissancesociety/,info@renaissancesociety.org
Rhona Hoffman Gallery,"118 N Peoria St, Chicago, IL 60607","Tue-Fri 10AM-5:30PM, Sat 11AM-5:30PM",n,www.rhoffmangallery.com,https://www.facebook.com/Rhona-Hoffman-Gallery-215520971840645/,contact@rhoffmangallery.com
Roman Susan,"1224 W Loyola Ave Chicago, IL 60626",,,http://romansusan.org/,https://www.facebook.com/romansusanchicago/,gallery@romansusan.org
Roots and Culture,"1034 N Milwaukee Ave, Chicago, IL 60642","Thu 4PM-7PM, Fri 4PM-7PM, Sat 12PM-6PM",n,http://www.rootsandculturecac.org/,https://www.facebook.com/Roots-Culture-205460389517778/,rootsandc@gmail.com
Rosenthal Fine Art,"640 N Lasalle St, Ste 485, Chicago, IL 60654","Mon-Fri 10AM-5PM, Sat appt",y&n,www.rosenthalfineart.com,https://www.facebook.com/rosenthal.fineart.chicago/,drosenthal@rosenthalfineart.com
Rotofugi Gallery,"2780 N Lincoln Ave, Chicago, IL 60614",Sun-Sat 11AM-7PM,n,www.gallery.rotofugi.com,https://www.facebook.com/rotofugi,rotofugi@rotofugi.com
Sector 2337,"2337 N Milwaukee Ave, Chicago, IL 60647",Wed-Sat 2PM-6PM,n,http://sector2337.com/,https://www.facebook.com/pages/Sector-2337/1603799879847489,send via site
Shane Campbell Gallery,"2021 S Wabash Ave, Chicago, IL 60616",Wed-Sat 12PM-6PM,n,www.shanecampbellgallery.com,https://www.facebook.com/shanecampbellgallery,info@shanecampbellgallery.com
Slate Arts and Performance,"3203 W North Ave. Chicago, IL 60651",,,http://slatearts.com/,https://www.facebook.com/Slatearts/,contact@slatearts.com
Slow Gallery,"2153 W 21st St, Chicago, IL 60608",Sat 12PM-5PM,,http://www.paul-is-slow.info/,https://www.facebook.com/Slow-157109257009/,send via site
Slow Pony,"1745 W 18th St, Chicago, IL 60608",,,https://www.facebook.com/SlowPonyProject/,,
Smart Museum of Art,"5550 S Greenwood Ave, Chicago, IL 60637",Tue-Sun 10AM-5PM,n,smarmuseum.uchicago.edu,https://www.facebook.com/smartmuseum,"
smart-museum@uchicago.edu"
South of the Tracks,"4223 W Lake St, #430, Chicago, IL 60612","M-F by appt, Sat-Sun 12PM-4PM",y&n,http://www.southofthetracksprojects.com/,https://www.facebook.com/southofthetracksprojects,southofthetracksprojects@gmail.com
Spudnick Press,"1821 W Hubbard St, Ste 302, Chicago, IL 60622","Mon 6PM-10PM, Tue-Wed 12PM-5PM, Thu 6PM-10PM, Fri 12PM-5PM, Sat 1PM-5PM ",n,http://www.spudnikpress.org/,https://www.facebook.com/SpudnikPress,info@spudnikpress.org
Sullivan Galleries,"33 S State St, 7th FL, Chicago, IL 60605",Tue-Sat 11AM-6PM,n,http://www.saic.edu/sullivangalleries/,https://www.facebook.com/SullivanGalleries/,
Swedish American Museum,"5211 N Clark St, Chicago, IL 60640","Mon-Fri 10AM-4PM, Sat-Sun 11AM-4PM",n,www.swedishamericanmuseum.org,https://www.facebook.com/SwedishAmericanMuseum/,info@samac.org
Terrain,"704 Highland Ave. Oak Park, IL 60304",,,http://www.terrainexhibitions.com/,https://www.facebook.com/terrainbiennial/,sabina_ott@yahoo.com
The Archer Beach House,"
3012 S Archer Ave, Chicago, IL 60608",,,https://www.facebook.com/The-Archer-Beach-Haus-453563314796255/,,contact via FB
The Franklin,"3522 W Franklin Blvd, Chicago, IL 60624",Sat 2PM-4PM ,y,http://thefranklinoutdoor.tumblr.com/,https://www.facebook.com/thefranklinoutdoor/,thefranklinoutdoor@gmail.com
the Mission,"1431 W Chicago Ave, Chicago, IL 60642","Tue-Wed 11AM-5PM, Thur appt, Friday-Sat 11AM-5PM",y&n,themissionprojects.com,https://www.facebook.com/themissionchicago,info@themissionprojects.com
The Nightingale,"1084 N Milwaukee Ave, Chicago, IL 60642",,,http://nightingalecinema.org/,https://www.facebook.com/The-Nightingale-112924348741025/,thenightingalecinema@gmail.com
The Oriental Institute,"1155 E 58th St, Chicago, IL 60637","Tue-Sun 10AM-5PM, Wed 10AM-8PM",n,oi.uchicago.edu,https://www.facebook.com/OrientalInstitute,oi-museum@uchicago.edu
The Perch,,,,http://www.thechicagoperch.com/,https://www.facebook.com/TheChicagoPerch/,contact via website
The Post Family,"1821 W Hubbard St, #210, Chicago, Il 60622",,,http://thepostfamily.com/,https://www.facebook.com/postfamily/,everyone@thepostfamily.com
The Pot Shop,"1224 Chicago Ave, Evanston, IL 60202","Mon-Fri 11AM-6PM, Sat 10AM-5PM",n,www.potshop.ocom,https://www.facebook.com/The-Pot-Shop-240467989354463/,
The Society for Arts,"1112 N Milwaukee Ave, Chicago, IL 60642",Tue-Sun 12PM-6PM,n,www.societyforarts.com,,societyforarts@societyforarts.com
ThinkArt Salon,,,,http://thinkartsalon.com/,https://www.facebook.com/groups/37140576480/,lrglenn@thinkartsalon.com
Three Walls,"2557 W North Ave, Chicago, IL 60647","Tues-Fri 11AM-3PM, Sat 11Am-5PM",,http://three-walls.org/,https://www.facebook.com/threewalls/,info@three-walls.org
Tritriangle,"1550 N Milwaukee Ave Fl 3, Chicago, IL 60622",,,http://tritriangle.net/,https://www.facebook.com/tritriangle/,get@tritriangle.net
Trunk Show,"2415 W Walton St, Chicago, IL 60622",,,http://trunkshowtrunkshow.tumblr.com/,https://www.facebook.com/trunkshowtrunkshow/,trunkshowtrunkshow@gmail.com
Ukranian Institute of Modern Art,"2320 W Chicago Ave, Chicago, IL 60622",Wed-Sun 12PM-4PM,n,uima-chicago.org,https://www.facebook.com/UIMArt,"
info@uima-chicago.org"
Vale Craft Gallery,"230 W Superior St, Chicago, IL 60654","Tue-Fri 10:30AM-5:30PM, Sat 11AM-5PM",n,www.valecraftgallery.com,https://www.facebook.com/Vale-Craft-Gallery-115197255166954/,valecraft@sbcglobal.net
Vertical Gallery,"1016 N Western Ave, Chicago, IL 60622","Tues-Sat 11AM-6PM, Sun-Mon appt only",y&n,www.verticalgallery.com,https://www.facebook.com/verticalgallerychicago,info@verticalgallery.com
Weinberg/Newton,"300 W Superior, Suite 203,  Chicago Il 60654",Mon-Sat 10AM-5PM,n,www.weinbergnewtongallery.com,www.facebook.com/weinbergnewtongallery,info@weinbergnewtongallery.com
Western Exhibtions,"845 W Washington Blvd, Chicago, IL 60607",Tue-Sat 11AM-6PM,n,www.westernexhibitions.com,https://www.facebook.com/WesternExhibitions/,info@westernexhibitions.com
Woman Made,"685 N Milwaukee Ave, Chicago, IL 60642","Wed-Fri 11AM-6PM, Sat-Sun 12PM-4PM",n,www.womanmade.org,https://www.facebook.com/womanmadegallery.1992/,
Zg Gallery,"300 W Superior, Chicago Il 60654",Tue-Sat 10AM-5:30PM,y&n,www.zggallery.com,,info@zggallery.com
Zolla/Lieberman Gallery,"325 W Huron St, Chicago, IL 60654","Tue-Fri 10:30AM-5:30PM, Sat 11AM-5:30PM",n,http://www.zollaliebermangallery.com/,https://www.facebook.com/ZollaLieberman-Gallery-233312612764/,zollalieberman@sbcglobal.net