"meta_id","comment_id","meta_key","meta_value"
"1","10","akismet_result","false"
"2","10","akismet_history","a:4:{s:4:""time"";s:12:""1292276244.7"";s:7:""message"";s:28:""Akismet cleared this comment"";s:5:""event"";s:9:""check-ham"";s:4:""user"";s:0:"""";}"
"4","10","akismet_history","a:4:{s:4:""time"";s:13:""1292279133.29"";s:7:""message"";s:44:""admin changed the comment status to approved"";s:5:""event"";s:15:""status-approved"";s:4:""user"";s:5:""admin"";}"
"5","18","akismet_history","a:4:{s:4:""time"";s:12:""1294004379.7"";s:7:""message"";s:44:""admin changed the comment status to approved"";s:5:""event"";s:15:""status-approved"";s:4:""user"";s:5:""admin"";}"
"6","19","akismet_result","false"
"7","19","akismet_history","a:4:{s:4:""time"";s:12:""1295458209.6"";s:7:""message"";s:28:""Akismet cleared this comment"";s:5:""event"";s:9:""check-ham"";s:4:""user"";s:0:"""";}"
"9","19","akismet_history","a:4:{s:4:""time"";s:13:""1295466174.38"";s:7:""message"";s:44:""admin changed the comment status to approved"";s:5:""event"";s:15:""status-approved"";s:4:""user"";s:5:""admin"";}"
"10","23","akismet_history","a:4:{s:4:""time"";s:13:""1293577597.57"";s:7:""message"";s:44:""admin changed the comment status to approved"";s:5:""event"";s:15:""status-approved"";s:4:""user"";s:5:""admin"";}"
"11","39","akismet_history","a:4:{s:4:""time"";s:13:""1306441584.45"";s:7:""message"";s:44:""admin changed the comment status to approved"";s:5:""event"";s:15:""status-approved"";s:4:""user"";s:5:""admin"";}"
"12","39","akismet_result","false"
"13","39","akismet_history","a:4:{s:4:""time"";s:13:""1306430389.99"";s:7:""message"";s:28:""Akismet cleared this comment"";s:5:""event"";s:9:""check-ham"";s:4:""user"";s:0:"""";}"
"15","43","akismet_result","false"
"16","43","akismet_history","a:4:{s:4:""time"";s:13:""1304679692.05"";s:7:""message"";s:28:""Akismet cleared this comment"";s:5:""event"";s:9:""check-ham"";s:4:""user"";s:0:"""";}"
"18","43","akismet_history","a:4:{s:4:""time"";s:13:""1304693731.26"";s:7:""message"";s:44:""admin changed the comment status to approved"";s:5:""event"";s:15:""status-approved"";s:4:""user"";s:5:""admin"";}"
"19","53","akismet_history","a:4:{s:4:""time"";s:13:""1296856108.97"";s:7:""message"";s:44:""admin changed the comment status to approved"";s:5:""event"";s:15:""status-approved"";s:4:""user"";s:5:""admin"";}"
"20","53","akismet_result","false"
"21","53","akismet_history","a:4:{s:4:""time"";s:13:""1296849388.02"";s:7:""message"";s:28:""Akismet cleared this comment"";s:5:""event"";s:9:""check-ham"";s:4:""user"";s:0:"""";}"
"23","59","akismet_result","false"
"24","59","akismet_history","a:4:{s:4:""time"";s:13:""1296577177.61"";s:7:""message"";s:28:""Akismet cleared this comment"";s:5:""event"";s:9:""check-ham"";s:4:""user"";s:0:"""";}"
"26","59","akismet_history","a:4:{s:4:""time"";s:13:""1296577201.83"";s:7:""message"";s:44:""admin changed the comment status to approved"";s:5:""event"";s:15:""status-approved"";s:4:""user"";s:5:""admin"";}"
"27","63","akismet_result","false"
"28","63","akismet_history","a:4:{s:4:""time"";s:13:""1291804477.21"";s:7:""message"";s:28:""Akismet cleared this comment"";s:5:""event"";s:9:""check-ham"";s:4:""user"";s:0:"""";}"
"30","63","akismet_history","a:4:{s:4:""time"";s:13:""1291821130.45"";s:7:""message"";s:44:""admin changed the comment status to approved"";s:5:""event"";s:15:""status-approved"";s:4:""user"";s:5:""admin"";}"
"31","64","akismet_result","false"
"32","64","akismet_history","a:4:{s:4:""time"";s:13:""1291928375.54"";s:7:""message"";s:28:""Akismet cleared this comment"";s:5:""event"";s:9:""check-ham"";s:4:""user"";s:0:"""";}"
"34","64","akismet_history","a:4:{s:4:""time"";s:13:""1291956542.03"";s:7:""message"";s:44:""admin changed the comment status to approved"";s:5:""event"";s:15:""status-approved"";s:4:""user"";s:5:""admin"";}"
"35","65","akismet_result","false"
"36","65","akismet_history","a:4:{s:4:""time"";s:13:""1291765088.86"";s:7:""message"";s:28:""Akismet cleared this comment"";s:5:""event"";s:9:""check-ham"";s:4:""user"";s:0:"""";}"
"38","65","akismet_history","a:4:{s:4:""time"";s:13:""1291766516.03"";s:7:""message"";s:44:""admin changed the comment status to approved"";s:5:""event"";s:15:""status-approved"";s:4:""user"";s:5:""admin"";}"
"39","66","akismet_result","false"
"40","66","akismet_history","a:4:{s:4:""time"";s:13:""1292022744.08"";s:7:""message"";s:28:""Akismet cleared this comment"";s:5:""event"";s:9:""check-ham"";s:4:""user"";s:0:"""";}"
"42","66","akismet_history","a:4:{s:4:""time"";s:13:""1292022776.52"";s:7:""message"";s:44:""admin changed the comment status to approved"";s:5:""event"";s:15:""status-approved"";s:4:""user"";s:5:""admin"";}"
"43","69","akismet_history","a:4:{s:4:""time"";s:13:""1291956541.74"";s:7:""message"";s:44:""admin changed the comment status to approved"";s:5:""event"";s:15:""status-approved"";s:4:""user"";s:5:""admin"";}"
"44","70","akismet_history","a:4:{s:4:""time"";s:13:""1292376691.58"";s:7:""message"";s:44:""admin changed the comment status to approved"";s:5:""event"";s:15:""status-approved"";s:4:""user"";s:5:""admin"";}"
"45","70","akismet_result","false"
"46","70","akismet_history","a:4:{s:4:""time"";s:13:""1292375041.65"";s:7:""message"";s:28:""Akismet cleared this comment"";s:5:""event"";s:9:""check-ham"";s:4:""user"";s:0:"""";}"
"48","71","akismet_result","false"
"49","71","akismet_history","a:4:{s:4:""time"";s:13:""1292022655.42"";s:7:""message"";s:28:""Akismet cleared this comment"";s:5:""event"";s:9:""check-ham"";s:4:""user"";s:0:"""";}"
"51","71","akismet_history","a:4:{s:4:""time"";s:13:""1292022776.54"";s:7:""message"";s:44:""admin changed the comment status to approved"";s:5:""event"";s:15:""status-approved"";s:4:""user"";s:5:""admin"";}"
"52","72","akismet_history","a:4:{s:4:""time"";s:13:""1296064856.26"";s:7:""message"";s:44:""admin changed the comment status to approved"";s:5:""event"";s:15:""status-approved"";s:4:""user"";s:5:""admin"";}"
"53","72","akismet_result","false"
"54","72","akismet_history","a:4:{s:4:""time"";s:13:""1296064710.44"";s:7:""message"";s:28:""Akismet cleared this comment"";s:5:""event"";s:9:""check-ham"";s:4:""user"";s:0:"""";}"
"56","73","akismet_result","false"
"57","73","akismet_history","a:4:{s:4:""time"";s:13:""1292873247.33"";s:7:""message"";s:28:""Akismet cleared this comment"";s:5:""event"";s:9:""check-ham"";s:4:""user"";s:0:"""";}"
"59","73","akismet_history","a:4:{s:4:""time"";s:13:""1292874930.86"";s:7:""message"";s:44:""admin changed the comment status to approved"";s:5:""event"";s:15:""status-approved"";s:4:""user"";s:5:""admin"";}"
"60","74","akismet_result","false"
"61","74","akismet_history","a:4:{s:4:""time"";s:13:""1294776696.31"";s:7:""message"";s:28:""Akismet cleared this comment"";s:5:""event"";s:9:""check-ham"";s:4:""user"";s:0:"""";}"
"63","74","akismet_history","a:4:{s:4:""time"";s:12:""1294776750.8"";s:7:""message"";s:44:""admin changed the comment status to approved"";s:5:""event"";s:15:""status-approved"";s:4:""user"";s:5:""admin"";}"
"64","75","akismet_result","false"
"65","75","akismet_history","a:4:{s:4:""time"";s:13:""1295016377.22"";s:7:""message"";s:28:""Akismet cleared this comment"";s:5:""event"";s:9:""check-ham"";s:4:""user"";s:0:"""";}"
"67","75","akismet_history","a:4:{s:4:""time"";s:13:""1295039637.12"";s:7:""message"";s:44:""admin changed the comment status to approved"";s:5:""event"";s:15:""status-approved"";s:4:""user"";s:5:""admin"";}"
"68","76","akismet_result","false"
"69","76","akismet_history","a:4:{s:4:""time"";s:13:""1294786639.91"";s:7:""message"";s:28:""Akismet cleared this comment"";s:5:""event"";s:9:""check-ham"";s:4:""user"";s:0:"""";}"
"71","76","akismet_history","a:4:{s:4:""time"";s:13:""1294786665.73"";s:7:""message"";s:44:""admin changed the comment status to approved"";s:5:""event"";s:15:""status-approved"";s:4:""user"";s:5:""admin"";}"
"72","77","akismet_result","false"
"73","77","akismet_history","a:4:{s:4:""time"";s:13:""1295551676.97"";s:7:""message"";s:28:""Akismet cleared this comment"";s:5:""event"";s:9:""check-ham"";s:4:""user"";s:0:"""";}"
"75","77","akismet_history","a:4:{s:4:""time"";s:13:""1295551719.35"";s:7:""message"";s:44:""admin changed the comment status to approved"";s:5:""event"";s:15:""status-approved"";s:4:""user"";s:5:""admin"";}"
"76","78","akismet_result","false"
"77","78","akismet_history","a:4:{s:4:""time"";s:13:""1296079293.31"";s:7:""message"";s:28:""Akismet cleared this comment"";s:5:""event"";s:9:""check-ham"";s:4:""user"";s:0:"""";}"
"79","78","akismet_history","a:4:{s:4:""time"";s:13:""1296079714.89"";s:7:""message"";s:44:""admin changed the comment status to approved"";s:5:""event"";s:15:""status-approved"";s:4:""user"";s:5:""admin"";}"
"80","79","akismet_result","false"
"81","79","akismet_history","a:4:{s:4:""time"";s:13:""1295551657.89"";s:7:""message"";s:28:""Akismet cleared this comment"";s:5:""event"";s:9:""check-ham"";s:4:""user"";s:0:"""";}"
"83","79","akismet_history","a:4:{s:4:""time"";s:13:""1295551667.44"";s:7:""message"";s:44:""admin changed the comment status to approved"";s:5:""event"";s:15:""status-approved"";s:4:""user"";s:5:""admin"";}"
"84","80","akismet_result","false"
"85","80","akismet_history","a:4:{s:4:""time"";s:13:""1298320879.76"";s:7:""message"";s:28:""Akismet cleared this comment"";s:5:""event"";s:9:""check-ham"";s:4:""user"";s:0:"""";}"
"87","80","akismet_history","a:4:{s:4:""time"";s:13:""1298321081.98"";s:7:""message"";s:44:""admin changed the comment status to approved"";s:5:""event"";s:15:""status-approved"";s:4:""user"";s:5:""admin"";}"
"88","81","akismet_result","false"
"89","81","akismet_history","a:4:{s:4:""time"";s:12:""1295382977.9"";s:7:""message"";s:28:""Akismet cleared this comment"";s:5:""event"";s:9:""check-ham"";s:4:""user"";s:0:"""";}"
"91","81","akismet_history","a:4:{s:4:""time"";s:13:""1295383067.22"";s:7:""message"";s:44:""admin changed the comment status to approved"";s:5:""event"";s:15:""status-approved"";s:4:""user"";s:5:""admin"";}"
"92","82","akismet_history","a:4:{s:4:""time"";s:13:""1306441584.52"";s:7:""message"";s:44:""admin changed the comment status to approved"";s:5:""event"";s:15:""status-approved"";s:4:""user"";s:5:""admin"";}"
"93","82","akismet_result","false"
"94","82","akismet_history","a:4:{s:4:""time"";s:13:""1306430327.96"";s:7:""message"";s:28:""Akismet cleared this comment"";s:5:""event"";s:9:""check-ham"";s:4:""user"";s:0:"""";}"
"96","83","akismet_result","false"
"97","83","akismet_history","a:4:{s:4:""time"";s:13:""1299006586.24"";s:7:""message"";s:28:""Akismet cleared this comment"";s:5:""event"";s:9:""check-ham"";s:4:""user"";s:0:"""";}"
"99","83","akismet_history","a:4:{s:4:""time"";s:13:""1299006638.38"";s:7:""message"";s:44:""admin changed the comment status to approved"";s:5:""event"";s:15:""status-approved"";s:4:""user"";s:5:""admin"";}"
"100","84","akismet_result","false"
"101","84","akismet_history","a:4:{s:4:""time"";s:12:""1301330067.1"";s:7:""message"";s:28:""Akismet cleared this comment"";s:5:""event"";s:9:""check-ham"";s:4:""user"";s:0:"""";}"
"103","84","akismet_history","a:4:{s:4:""time"";s:13:""1301330620.14"";s:7:""message"";s:44:""admin changed the comment status to approved"";s:5:""event"";s:15:""status-approved"";s:4:""user"";s:5:""admin"";}"
"104","85","akismet_history","a:4:{s:4:""time"";s:12:""1303099060.1"";s:7:""message"";s:44:""admin changed the comment status to approved"";s:5:""event"";s:15:""status-approved"";s:4:""user"";s:5:""admin"";}"
"105","85","akismet_result","false"
"106","85","akismet_history","a:4:{s:4:""time"";s:13:""1303099045.49"";s:7:""message"";s:28:""Akismet cleared this comment"";s:5:""event"";s:9:""check-ham"";s:4:""user"";s:0:"""";}"
"108","86","akismet_result","false"
"109","86","akismet_history","a:4:{s:4:""time"";s:13:""1301472833.02"";s:7:""message"";s:28:""Akismet cleared this comment"";s:5:""event"";s:9:""check-ham"";s:4:""user"";s:0:"""";}"
"111","86","akismet_history","a:4:{s:4:""time"";s:13:""1301519427.36"";s:7:""message"";s:44:""admin changed the comment status to approved"";s:5:""event"";s:15:""status-approved"";s:4:""user"";s:5:""admin"";}"
"112","86","akismet_history","a:4:{s:4:""time"";s:13:""1306183835.61"";s:7:""message"";s:41:""admin changed the comment status to trash"";s:5:""event"";s:12:""status-trash"";s:4:""user"";s:5:""admin"";}"
"113","86","akismet_history","a:4:{s:4:""time"";s:13:""1306183837.62"";s:7:""message"";s:44:""admin changed the comment status to approved"";s:5:""event"";s:15:""status-approved"";s:4:""user"";s:5:""admin"";}"
"114","87","akismet_result","false"
"115","87","akismet_history","a:4:{s:4:""time"";s:13:""1300830172.45"";s:7:""message"";s:28:""Akismet cleared this comment"";s:5:""event"";s:9:""check-ham"";s:4:""user"";s:0:"""";}"
"117","87","akismet_history","a:4:{s:4:""time"";s:13:""1300830397.75"";s:7:""message"";s:44:""admin changed the comment status to approved"";s:5:""event"";s:15:""status-approved"";s:4:""user"";s:5:""admin"";}"
"118","88","akismet_history","a:4:{s:4:""time"";s:12:""1310674499.4"";s:7:""message"";s:44:""admin changed the comment status to approved"";s:5:""event"";s:15:""status-approved"";s:4:""user"";s:5:""admin"";}"
"119","88","akismet_result","false"
"120","88","akismet_history","a:4:{s:4:""time"";s:13:""1310556348.36"";s:7:""message"";s:28:""Akismet cleared this comment"";s:5:""event"";s:9:""check-ham"";s:4:""user"";s:0:"""";}"
"122","89","akismet_result","false"
"123","89","akismet_history","a:4:{s:4:""time"";s:13:""1302814937.39"";s:7:""message"";s:28:""Akismet cleared this comment"";s:5:""event"";s:9:""check-ham"";s:4:""user"";s:0:"""";}"
"125","89","akismet_history","a:4:{s:4:""time"";s:13:""1302828189.52"";s:7:""message"";s:44:""admin changed the comment status to approved"";s:5:""event"";s:15:""status-approved"";s:4:""user"";s:5:""admin"";}"
"126","90","akismet_result","false"
"127","90","akismet_history","a:4:{s:4:""time"";s:13:""1303415936.11"";s:7:""message"";s:28:""Akismet cleared this comment"";s:5:""event"";s:9:""check-ham"";s:4:""user"";s:0:"""";}"
"129","90","akismet_history","a:4:{s:4:""time"";s:13:""1303418979.68"";s:7:""message"";s:44:""admin changed the comment status to approved"";s:5:""event"";s:15:""status-approved"";s:4:""user"";s:5:""admin"";}"
"130","91","akismet_history","a:4:{s:4:""time"";s:13:""1306185594.54"";s:7:""message"";s:44:""admin changed the comment status to approved"";s:5:""event"";s:15:""status-approved"";s:4:""user"";s:5:""admin"";}"
"131","91","akismet_result","false"
"132","91","akismet_history","a:4:{s:4:""time"";s:13:""1306185296.65"";s:7:""message"";s:28:""Akismet cleared this comment"";s:5:""event"";s:9:""check-ham"";s:4:""user"";s:0:"""";}"
"134","92","akismet_result","false"
"135","92","akismet_history","a:4:{s:4:""time"";s:13:""1304543336.34"";s:7:""message"";s:28:""Akismet cleared this comment"";s:5:""event"";s:9:""check-ham"";s:4:""user"";s:0:"""";}"
"137","92","akismet_history","a:4:{s:4:""time"";s:13:""1304544331.27"";s:7:""message"";s:44:""admin changed the comment status to approved"";s:5:""event"";s:15:""status-approved"";s:4:""user"";s:5:""admin"";}"
"138","93","akismet_result","false"
"139","93","akismet_history","a:4:{s:4:""time"";s:10:""1307628778"";s:7:""message"";s:28:""Akismet cleared this comment"";s:5:""event"";s:9:""check-ham"";s:4:""user"";s:0:"""";}"
"141","93","akismet_history","a:4:{s:4:""time"";s:13:""1307629419.06"";s:7:""message"";s:44:""admin changed the comment status to approved"";s:5:""event"";s:15:""status-approved"";s:4:""user"";s:5:""admin"";}"
"142","94","akismet_history","a:4:{s:4:""time"";s:13:""1306183840.09"";s:7:""message"";s:44:""admin changed the comment status to approved"";s:5:""event"";s:15:""status-approved"";s:4:""user"";s:5:""admin"";}"
"151","97","akismet_history","a:4:{s:4:""time"";s:12:""1319685269.8"";s:7:""message"";s:47:""chicagoa changed the comment status to approved"";s:5:""event"";s:15:""status-approved"";s:4:""user"";s:8:""chicagoa"";}"
"150","96","akismet_history","a:4:{s:4:""time"";s:13:""1318972355.09"";s:7:""message"";s:47:""chicagoa changed the comment status to approved"";s:5:""event"";s:15:""status-approved"";s:4:""user"";s:8:""chicagoa"";}"
"147","96","akismet_result","false"
"148","96","akismet_history","a:4:{s:4:""time"";s:13:""1317999423.43"";s:7:""message"";s:28:""Akismet cleared this comment"";s:5:""event"";s:9:""check-ham"";s:4:""user"";s:0:"""";}"
"191","119","akismet_result","false"
"192","119","akismet_history","a:4:{s:4:""time"";s:13:""1332952028.53"";s:7:""message"";s:28:""Akismet cleared this comment"";s:5:""event"";s:9:""check-ham"";s:4:""user"";s:0:"""";}"
"194","119","akismet_history","a:4:{s:4:""time"";s:13:""1332952073.84"";s:7:""message"";s:43:""ACRE changed the comment status to approved"";s:5:""event"";s:15:""status-approved"";s:4:""user"";s:4:""ACRE"";}"
